Person,Garment,Visual assessment,Failure categories,Observation,Reused saved result,Job ID
Navy & denim,Ivory knit,No obvious failure,,"Ivory colour, high neck and long sleeves are broadly reproduced; jeans, hands and pose remain recognisable at the reviewed scale.",False,ec8d1302a01c4a3d814f4fba274160e0
Navy & denim,Burgundy V-neck,No obvious failure,,"Burgundy colour, V-neck and three-quarter sleeves are broadly reproduced, with the jeans and pose retained. Exact fit is not established.",True,53dc18108aba44c3a3b6c5371c7628bf
Navy & denim,Sage tank,Minor issues,Colour,"The sleeveless tank shape is retained, but the output shifts the olive-sage reference towards a cooler teal green.",False,cbc7e275c8264f98a384f3e1032e81a6
Navy & denim,Orange halter,Minor issues,Pattern/detail,"Orange colour and halter silhouette are recognisable, but the reference's textured floral pattern is softened substantially.",False,e1e35958749e45649c92d1c368d28bd1
Navy & denim,Teal tee,Minor issues,Construction,Teal colour and short sleeves are retained; the round ribbed neckline becomes flatter and less clearly defined.,False,90e234a75a874ce5b10816ac16c8f511
Navy & denim,Red turtleneck,No obvious failure,,"Red colour, long sleeves and raised neck are broadly retained without a conspicuous unrelated change to jeans or pose.",False,26c6d16c30194e028ae2a5d2031a0228
Navy & denim,Rose blouse,Minor issues,"Colour, Pattern/detail","The rose blouse is noticeably lighter and pinker, and the small print is simplified; rolled cuffs and the general blouse shape remain visible.",True,08abbf7241284d62ba6302f045f37a95
Navy & denim,Navy V-neck,No obvious failure,,"This same-garment example broadly preserves the navy V-neck, small chest mark and jeans. It is an easier reconstruction case, not a novel clothing transfer.",False,5a054befc31947499093767ece09b628
Relaxed denim,Ivory knit,No obvious failure,,"Ivory colour, long sleeves and high neckline are broadly reproduced; the original jeans and pose remain recognisable.",True,bae22e9ed72f4acfb0dbb560a38466bc
Relaxed denim,Burgundy V-neck,No obvious failure,,Burgundy V-neck and three-quarter sleeves are reproduced without an obvious unrelated clothing change at the reviewed scale.,False,68e5732ae0804e2e8694f6934bf57009
Relaxed denim,Sage tank,Blocked/error,Safety checker,"The safety checker returned its warning placeholder, so garment quality cannot be assessed. No retry was made; the flag does not establish that the supplied photos are unsafe.",False,da7228ae1a914133805f00efdfe26108
Relaxed denim,Orange halter,Blocked/error,Safety checker,The safety checker returned its warning placeholder; there is no visible try-on output to assess. No retry was made.,False,8b2fff3a3b1b433d8d3caf39ded1d9ef
Relaxed denim,Teal tee,No obvious failure,,"Teal colour, short sleeves and crew neckline are broadly reproduced, with jeans and pose retained at the reviewed scale.",True,400b2dba33c840b184d5818cdfdc2f3e
Relaxed denim,Red turtleneck,Blocked/error,Safety checker,"The generated result was replaced by the safety-checker placeholder. This is an unavailable result, not a visual quality rating; no retry was made.",False,1b84022b0b5d4b71a92c3329a0d150b3
Relaxed denim,Rose blouse,Minor issues,"Colour, Pattern/detail",The blouse becomes lighter pink and its repeated print is simplified; the rolled sleeves and general silhouette remain recognisable.,False,bbd0755c1446486bad108c8d3a5b5614
Relaxed denim,Navy V-neck,Minor issues,"Colour, Construction",The navy reference becomes nearly black and the sleeves and torso look looser; the small chest mark remains visible and jeans are retained.,False,af733d939bac44cfb59a0b3e83c42233
Black essentials,Ivory knit,Major failure,"Colour, Artifacts",A large dark grey triangular panel is invented across the front of the ivory top; the requested uniform garment is not reproduced.,False,b62c95eea98849bd8150c9d7f8926ad1
Black essentials,Burgundy V-neck,No obvious failure,,"Burgundy colour, V-neck and three-quarter sleeves are broadly reproduced while black trousers and the pose are retained.",False,9777d16a051d443dabbe957a3e177847
Black essentials,Sage tank,Minor issues,Colour,"The sleeveless tank and curved hem are retained, but the olive-sage reference becomes a cooler grey-green.",False,bbccab753b4f4b25b1b177c104ced36c
Black essentials,Orange halter,Minor issues,Pattern/detail,Orange halter construction is broadly retained; the floral texture is flattened and much less distinct than in the garment photo.,False,4e222180a0ec496a912ad59b86c71c26
Black essentials,Teal tee,No obvious failure,,"Teal crew-neck shirt, short sleeves and hem are broadly reproduced with black trousers and pose retained.",False,36a7389ede484775b514a829835afc21
Black essentials,Red turtleneck,Minor issues,Construction,"Red colour and long sleeves are retained, but the tall rolled turtleneck is reduced to a short close-fitting collar.",False,a673f65e9dca461fbc972a8e14f71d54
Black essentials,Rose blouse,Minor issues,"Colour, Pattern/detail",The rose blouse becomes paler and the printed motifs lose contrast and definition; the main neckline and rolled-sleeve construction remain recognisable.,False,60cf7947f2c14910aec911a63130d789
Black essentials,Navy V-neck,Minor issues,Construction,"Navy colour and the small chest mark are retained, but the pointed V-neck becomes noticeably rounded and deeper.",False,e12cea19227c42dc8b20f8c24a23e636
Red knit,Ivory knit,Minor issues,Construction,"The top is broadly ivory with long sleeves, but the high folded neck is flattened and the sleeves become noticeably bulky around the elbows.",False,434309bcd11e4768af3fc92cc22ae242
Red knit,Burgundy V-neck,Major failure,"Residual clothing, Colour, Construction",An extra collar band remains above the requested V-neck and a disconnected cuff remains at one wrist; the burgundy top also shifts towards red.,False,aac19f999138490db367bdce06ca3780
Red knit,Sage tank,Major failure,"Residual clothing, Colour",Both red cuffs remain as disconnected wrist bands after the sleeves are removed. The requested sage tank also shifts towards teal green.,True,7c16e4d473934290b70b7375ef87da7c
Red knit,Orange halter,Major failure,"Residual clothing, Artifacts, Pattern/detail",The halter top is accompanied by invented disconnected fabric bands at elbows and wrists; its patterned texture is also simplified.,False,baa8bcc2589b472a9bdb47b5d51a1c94
Red knit,Teal tee,Major failure,Residual clothing,The teal short-sleeved shirt retains red cuffs at both wrists and a thin red remnant around the neckline.,False,db16ac0273d64b588dd6e6de7d4a271e
Red knit,Red turtleneck,Blocked/error,Safety checker,The safety checker replaced the same-garment output with its warning placeholder. The underlying generated image was not reviewed and was not retried.,False,5e833e8321c7404ea28b2652eacc0ee4
Red knit,Rose blouse,Major failure,"Residual clothing, Colour, Construction",A red turtleneck collar remains under the requested V-neck blouse; sleeve length and the lighter pink print also differ from the supplied garment.,False,7f73d9f072a7467eb6a6b5b99cb6b55e
Red knit,Navy V-neck,Blocked/error,Safety checker,"The result was replaced by the safety-checker placeholder, leaving no try-on image to assess. No retry was made.",False,1f3550ba82084ed2a2865f3939307968
Sage & white,Ivory knit,Major failure,"Colour, Artifacts, Construction","Most of the ivory torso becomes dark grey, with white sleeves and a separate white neck band around an invented V-shaped opening.",True,d713bf335fee467d8594b66ec59c3a84
Sage & white,Burgundy V-neck,Minor issues,"Colour, Construction",The burgundy top becomes a brighter red and its neckline is rounded rather than a clear V; the white trousers remain visible.,False,26057f6161294ee896d81aced27d8101
Sage & white,Sage tank,No obvious failure,,The same sage tank and white trousers are broadly preserved. This is an easier same-garment reconstruction case rather than a new clothing transfer.,False,af35d79124844ac7bb08ca4de91ff763
Sage & white,Orange halter,Minor issues,Pattern/detail,"The orange halter silhouette is reproduced, but the floral texture is largely smoothed away.",False,8c90c483fedd4f499e2a220fd24ff9b7
Sage & white,Teal tee,No obvious failure,,"Teal colour, short sleeves, crew neck and lower hem are broadly reproduced; the white trousers and pose are retained.",False,548a7f81d9e7454b8530defeed55aa70
Sage & white,Red turtleneck,Minor issues,"Colour, Construction",The red becomes brighter and the tall folded turtleneck is reduced; long sleeves and white trousers are retained.,False,9f1d5db761c3482dadc0caa7d07f75c2
Sage & white,Rose blouse,Minor issues,"Colour, Pattern/detail",The blouse shifts to a brighter pink and the repeated print is simplified; its rolled sleeves and overall construction remain recognisable.,False,de16ba3e27bc41cf8173bf55a10163d0
Sage & white,Navy V-neck,Minor issues,"Construction, Pattern/detail","Navy colour is retained, but the V-neck is rounded and the small chest emblem is absent or indistinct.",False,15bc1f1c81004cb19870ca513240d8ba
Rose print,Ivory knit,Major failure,Garment not transferred,"The original rose printed blouse remains instead of the requested ivory high-neck top; colour, pattern and neckline do not follow the garment input.",False,7afd8848e2ef4618a822c3e3cc90e3e8
Rose print,Burgundy V-neck,Major failure,Garment not transferred,The person keeps the original rose printed blouse instead of changing into the plain burgundy V-neck. The requested garment is effectively ignored.,False,b7280110c98c4fa0b7eb5c521f9b9fdf
Rose print,Sage tank,Major failure,Garment not transferred,The rose printed blouse and rolled sleeves remain instead of the requested sleeveless sage tank.,False,bb58c2107e21417685e119abdc19b844
Rose print,Orange halter,Minor issues,"Pattern/detail, Preservation","The orange halter transfers, but its floral texture is softened and the visible shoulder/upper-arm silhouette changes relative to the original person.",False,aacea27fdc264227a10604adf2bea4f3
Rose print,Teal tee,Major failure,Garment not transferred,"The original rose blouse remains, including its print and rolled sleeves, rather than the requested plain teal T-shirt.",False,31659b067a0f4eb3820610223ccf8d43
Rose print,Red turtleneck,Major failure,Garment not transferred,The output retains the rose printed V-neck blouse instead of the red long-sleeved turtleneck.,False,fc85846912f44250a7837fc9a8332d37
Rose print,Rose blouse,No obvious failure,,The original rose blouse and dark jeans are broadly preserved. This is a same-garment reconstruction case and does not demonstrate transfer to a different garment.,False,ae9e8707666c4c8784b5b412a73e4e7e
Rose print,Navy V-neck,Major failure,Garment not transferred,The original rose printed blouse remains instead of the requested navy short-sleeved V-neck shirt.,False,4ff6b577fc84462486acc8f6a7fc9a29
